[('njongo', 0.256559525662592), ('injongo', 0.09471173720793714)]
[(' - website', 0.02973257230590736), ('website', 0), ('ye - website', 0.050510968169684055)]
[('mzantsi', 1), ('semzantsi', 3.2384983149328976e-55), ('asemzantsi', 0), ('yasemzantsi', 0.06414475679855301)]
[('frikaa', 0), ('frika', 1.610631614864072e-05), ('afrika', 0.09062534073279156)]
[('vela', 1), ('kuvelisa', 0.0470222700637196), ('velisa', 0), ('kukuvelisa', 0.0769751792304368)]
[('thombo', 0.07790774463274563), ('mthombo', 0.12243048978477945), ('umthombo', 0.09353454299201434)]
[('nye', 1), ('omnye', 0.08194256953626018)]
[('inkcazelo', 0), ('nkcazelo', 1), ('wenkcazelo', 0.0769751792304368)]
[('lunga', 0), ('alunga', 0.19496965572274114), ('malunga', 0.09471173720793714)]
[('nkonzo', 0.19496965572274114), ('enkonzo', 0.12191316669090797), ('neenkonzo', 0.08728795738041158)]
[('nikwa', 0.05946514461181472), ('nika', 1), ('zinikwa', 0.11669966606781491), ('zinika', 0), ('ezinikwa', 0.09353454299201434)]
[('rhulumente', 1), ('urhulumente', 0), ('ngurhulumente', 0.03758584331728519)]
[('mzantsi', 1), ('wasemzantsi', 0.06414475679855301)]
[('frikaa', 0), ('frika', 1.610631614864072e-05), ('afrika', 0.09062534073279156)]
.

[('le', 0.043129439281186975)]
[('ibsite', 0), ('website', 0.09471173720793714)]
[('jolise', 0.256559525662592), ('jolisa', 0.30658782393440487), ('ijolise', 0.09471173720793714)]
[('kubeni', 0.14984533735004632), ('ekubeni', 0.09471173720793714)]
[('nciphise', 0.14725073675518907), ('nciphisa', 0.1776916432922826), ('inciphise', 0.08728795738041158)]
[('santsa', 0.07790774463274563), ('msantsa', 0.12243048978477945), ('umsantsa', 0.09353454299201434)]
[('ahluka', 1), ('kwahluka', 0), ('wokwahluka', 0.0769751792304368)]
[('khoyo', 0.43939128946772243), ('kukhoyo', 0), ('okukhoyo', 0.09353454299201434)]
[('phakathi', 0.09353454299201434)]
[('ntu', 1), ('bantu', 0.14646376315590748), ('wabantu', 0), ('kwabantu', 0.09353454299201434)]
[('nikwe', 0.5849089671682232), ('nika', 1), ('banikwea', 0), ('banikwe', 4.492805499029319e-15), ('abanikwe', 0.09353454299201434)]
[('ndla', 0.23921617340873966), ('mandlaa', 0), ('mandla', 1.2055872364755822e-09), ('amandla', 0.09471173720793714)]
[('nye', 0.13695259511554658), ('unye', 0), ('kunye', 0.08194256953626018)]
[('bo', 0.6272601284059217), ('nabo', 0.07001378881132146)]
[('ndla', 1), ('ngenamandla', 0), ('bangenamandla', 0.03758584331728519)]
[('" , "', 0.08194256953626018)]
[('phakathi', 0.09353454299201434)]
[('qoqosho', 0.11992065834103997), ('oqoqosho', 0), ('koqoqosho', 0.08728795738041158)]
[('qala', 0.14624636927215778), ('kuqala', 0.1187217523636735), ('lokuqala', 0.09353454299201434)]
[('nye', 0.13695259511554658), ('unye', 0), ('kunye', 0.08194256953626018)]
[('bini', 1), ('lwesibini', 0.47490884963330915), ('nolwesibini', 0.06414475679855301)]
.

[('le', 0.043129439281186975)]
[('ibsite', 0), ('website', 0.09471173720793714)]
[('ngenelelo', 1), ('lungenelelo', 0.002382752254319605), ('ilungenelelo', 0.050510968169684055)]
[('baluleke', 0.13250176617201428), ('baluleka', 0.14646376315590748), ('lubaluleke', 0), ('olubaluleke', 0.06414475679855301)]
[('khulu', 0.11826606087235898), ('akhulu', 0), ('kakhulu', 0.09471173720793714)]
[('jonge', 0.10984782236693061), ('jonga', 0.14646376315590748), ('lujonge', 0), ('olujonge', 0.09353454299201434)]
[('qina', 1), ('kuqinisekiseni', 0.00019069824128483523), ('ekuqinisekiseni', 0.017560777451749277)]
[('ba', 0.021344202823119978), ('kuba', 0.0881978584207799), ('ukuba', 0.08194256953626018)]
[('mi', 1), ('bemia', 0), ('bemi', 0.010712981425435664), ('abemi', 0.08194256953626018)]
[('nako', 1), ('banako', 0.09062534073279156)]
[('nxulumana', 0.09464583518334412), ('kunxulumana', 0.04992674111237163), ('ukunxulumana', 0.050510968169684055)]
[('rhulumente', 0.47490884963330915), ('norhulumente', 0.050510968169684055)]
.

[(' - website', 0.014609749279844394), (' - websita', 0.0013112210442223463), ('i - website', 0.06414475679855301)]
[('jolise', 0.256559525662592), ('jolisa', 0.30658782393440487), ('ijolise', 0.09471173720793714)]
[('sebenzisi', 1), ('basebenzisi', 0.0052482808031458295), ('ubasebenzisi', 0), ('kubasebenzisi', 0.03758584331728519)]
[('ngabemi', 0.010712981425435683), ('ma', 1), ('bangabemia', 0), ('bangabemi', 7.70025722606467e-30), ('abangabemi', 0.0769751792304368)]
[('mzantsi', 1), ('semzantsi', 0), ('basemzantsi', 0.06414475679855301)]
[('frikaa', 0), ('frika', 1.610631614864072e-05), ('afrika', 0.09062534073279156)]
[('zo', 0.11507791117574616), ('uzo', 1), ('kuzo', 0.07001378881132146)]
[('nke', 0.1371362802415854), ('onke', 0), ('zonke', 0.08194256953626018)]
[('ndawo', 0.38729896993827573), ('indawo', 0.256559525662592), ('iindawo', 0.09471173720793714)]
[('zwe', 1), ('elizwe', 0), ('zelizwe', 0.09471173720793714)]
[('" , "', 0.08194256953626018)]
[('shishini', 0.023312959913920944), ('mashishinia', 0), ('mashishini', 3.541390941253909e-39), ('amashishini', 0.06414475679855301)]
[('kanye', 0), ('okanye', 0.09062534073279156)]
[('butho', 1), ('mibutho', 0.07819431345345461), ('imibutho', 0.14725073675518907), ('iimibutho', 0.08728795738041158)]
[('mzantsi', 1), ('semzantsi', 3.2384983149328976e-55), ('asemzantsi', 0), ('yasemzantsi', 0.06414475679855301)]
[('frikaa', 0), ('frika', 1.610631614864072e-05), ('afrika', 0.09062534073279156)]
[('" , "', 0.08194256953626018)]
[('khoyo', 0.16286750396764), ('ekhoyo', 0.09062534073279156)]
[('kanye', 0), ('okanye', 0.09062534073279156)]
[('khona', 1), ('okubakhona', 0), ('nokubakhona', 0.008108695554940242), ('enokubakhona', 0.050510968169684055)]
[('" , "', 0.08194256953626018)]
[('nye', 0.13695259511554658), ('unye', 0), ('kunye', 0.08194256953626018)]
[('mi', 1), ('bemi', 0.0042264454998386415), ('nabemi', 0.09062534073279156)]
[('butho', 0.19496965572274114), ('mibutho', 0.12191316669090797), ('nemibutho', 0.08728795738041158)]
[('nye', 1), ('kwamanye', 0.07693316140272763), ('ekwamanye', 0.08728795738041158)]
[('zwe', 0.13977782552807744), ('mazwea', 0), ('mazwe', 1.610631614864072e-05), ('amazwe', 0.09062534073279156)]
[('" , "', 0.08194256953626018)]
[('dinga', 0.16286750396764), ('edinga', 0.09062534073279156)]
[('nkonzo', 0.28284844174002444), ('inkonzo', 0.2420517996332963), ('iinkonzo', 0.09353454299201434)]
[('rhulumente', 0.012404800468441229), ('urhulumente', 0), ('kurhulumente', 0.050510968169684055)]
[('mzantsi', 1), ('wasemzantsi', 0.06414475679855301)]
[('frikaa', 0), ('frika', 1.610631614864072e-05), ('afrika', 0.09062534073279156)]
.

[('candelo', 0.2420517996332963), ('icandelo', 0.09353454299201434)]
[('ndoqo', 1), ('ngundoqo', 0.004562181838330602), ('lingundoqo', 0.020279361171954294), ('elingundoqo', 0.06414475679855301)]
[('sebenzisi', 1), ('labasebenzisi', 0.03758584331728519)]
[('bandakanya', 0.07323188157795374), ('libandakanya', 0.050510968169684055)]
[('lamlisi', 0.2590351913317835), ('lamli', 1), ('zilamlisi', 0.05776112262520386), ('izilamlisi', 0.0769751792304368)]
[('" , "', 0.08194256953626018)]
[('fana', 0.43939128946772243), ('zifana', 0.14984533735004632), ('ezifana', 0.09471173720793714)]
[('ziko', 0.08869130543209443), ('maziko', 8.711353452031573e-12), ('namaziko', 0.09353454299201434)]
[('hlali', 1), ('wabahlali', 0.08728795738041158)]
[('nkonzo', 1), ('ienkonzo', 0), ('weenkonzo', 0.08728795738041158)]
[('nkonzo', 1), ('enkonzo', 0), ('ngeenkonzo', 0.0769751792304368)]
[('" , "', 0.08194256953626018)]
[('bizwaa', 0), ('bizwa', 1.610631614864072e-05), ('biza', 1), ('abizwa', 0.09062534073279156)]
[('ba', 0.0005709295833517096), ('kuba', 0.43939128946772243), ('okuba', 0), ('ngokuba', 0.09471173720793714)]
[('i - multi - purpose', 7.814699204805855e-69), ('ii - multi - purpose', 0), ('zii - multi - purpose', 0.0004602988430243579)]
[('community', 0.08728795738041158)]
[('centres', 0.09471173720793714)]
(
[('pccs', 0.19496965572274114), ('mpccs', 0.08194256953626018)]
)
[('" , "', 0.08194256953626018)]
[('sebenzi', 0.010712981425435683), ('sebenza', 1), ('basebenzia', 0), ('basebenzi', 7.70025722606467e-30), ('abasebenzi', 0.0769751792304368)]
[('phuhliso', 0.16102082829314895), ('bophuhliso', 0.0769751792304368)]
[('ntu', 1), ('luntu', 0.09754891732666526), ('loluntu', 0.09471173720793714)]
[('" , "', 0.08194256953626018)]
[('thi', 1), ('kuthiwa', 0.11669966606781491), ('kuthia', 0), ('ekuthiwa', 0.09353454299201434)]
[('i - community', 2.5262900015313445e-19), ('ii - community', 0), ('zii - community', 0.017560777451749277)]
[('development', 0.06414475679855301)]
[('rkers', 0), ('workers', 0.09471173720793714)]
(
[('cdws', 0.07001378881132146)]
)
[('nye', 0.13695259511554658), ('unye', 0), ('kunye', 0.08194256953626018)]
[('ziko', 0.17738261086418886), ('neziko', 0.09062534073279156)]
[('tsalela', 0.16694185889862947), ('tsala', 1), ('kutsalela', 0.11252901631795792), ('lokutsalela', 0.06414475679855301)]
[('nxeba', 0.07386612532308816), ('mnxeba', 0.12072654406918464), ('umnxeba', 0.09471173720793714)]
[('thi', 1), ('kuthiwa', 0.11669966606781491), ('kuthia', 0), ('ekuthiwa', 0.09353454299201434)]
[(' - batho', 0.08787825789354449), ('i - batho', 0), ('yi - batho', 0.0769751792304368)]
[('pele', 0.07001378881132146)]
[('gateway', 0.09471173720793714)]
[('call', 0.07001378881132146)]
[('centre', 0.09062534073279156)]
[('" , "', 0.08194256953626018)]
[('nceda', 1), ('yakuncedisa', 2.1006826890575245e-25), ('ziyakuncedisa', 0.0007863161647759091), ('eziyakuncedisa', 0.02642877180140554)]
[('phemba', 1), ('kuphembeleleni', 0.00019069824128483523), ('ekuphembeleleni', 0.017560777451749277)]
[('setyenziswa', 0.021344202823119978), ('sebenza', 1), ('kusetyenziswa', 0.017997527703603258), ('ukusetyenziswa', 0.02642877180140554)]
[(' - website', 0), ('kwe - website', 0.03758584331728519)]
[('bo', 0.704130653528599), ('abo', 1), ('ngabo', 0.08194256953626018)]
[('azi', 1), ('ngakwaziyo', 0), ('bangakwaziyo', 0.050510968169684055)]
[('sebenzisa', 0.09464583518334412), ('kusebenzisa', 0.04992674111237163), ('kusebenza', 0), ('ukusebenzisa', 0.050510968169684055)]
[(' - internet', 0.002382752254319605), ('i - internet', 0.050510968169684055)]
[('nqo', 0.05652904624281669)]
.

[('ba', 0.09713819674941881), ('miba', 0.07727424414051279), ('imiba', 0.08194256953626018)]
[('chaphazela', 1), ('chatshazelwa', 0.0027445130880639993), ('chatshazela', 0), ('echatshazelwa', 0.03758584331728519)]
[('nkcazelo', 0.08787825789354449), ('inkcazelo', 0), ('yinkcazelo', 0.0769751792304368)]
[('website', 1), ('kwi - website', 0.0007863161647759091), ('ekwi - website', 0.02642877180140554)]

[('nkcazelo', 0.14725073675518907), ('inkcazelo', 0.08728795738041158)]
[('nkonzo', 1), ('enkonzo', 0), ('ngeenkonzo', 0.0769751792304368)]
[('rhulumente', 1), ('karhulumente', 4.111658022631491e-14), ('ikarhulumente', 0), ('zikarhulumente', 0.02642877180140554)]

[(' - website', 0.014609749279844394), (' - websita', 0.0013112210442223463), ('i - website', 0.06414475679855301)]
[('qulathe', 0.2420517996332963), ('qulatha', 0.40271597032102735), ('iqulathe', 0.09353454299201434)]
[('nkcazelo', 0.14725073675518907), ('inkcazelo', 0.08728795738041158)]
[('nkonzo', 1), ('enkonzo', 0), ('ngeenkonzo', 0.0769751792304368)]
[('rhulumente', 1), ('karhulumente', 4.111658022631491e-14), ('ikarhulumente', 0), ('zikarhulumente', 0.02642877180140554)]
[('nikwa', 0.05946514461181472), ('nika', 1), ('zinikwa', 0.11669966606781491), ('zinika', 0), ('ezinikwa', 0.09353454299201434)]
[('nqanaba', 0.2345620177778821), ('winqanaba', 0), ('kwinqanaba', 0.0769751792304368)]
[('rhulumente', 0.08921670109540782), ('lorhulumente', 0.050510968169684055)]
[('zwe', 1), ('ilizwe', 0), ('welizwe', 0.09471173720793714)]
.

[('nkcazelo', 0.14725073675518907), ('inkcazelo', 0.08728795738041158)]
[('nkonzo', 1), ('enkonzo', 0.28209479177387814), ('eenkonzo', 0), ('yeenkonzo', 0.08728795738041158)]
[('hlulahlulwe', 2.6673848942019394e-96), ('ahlulahlulwe', 1), ('yahlulahlulwe', 0.03758584331728519)]
[('candelo', 1), ('ngamacandelo', 3.84097360305072e-121), ('angamacandelo', 0), ('yangamacandelo', 0.02642877180140554)]
[('ntlobo', 1), ('ziintloboa', 0), ('ziintlobo', 7.70025722606467e-30), ('aziintlobo', 0.0769751792304368)]
[('nkonzo', 1), ('eenkonzo', 0), ('zeenkonzo', 0.08728795738041158)]
[('hathu', 1), ('ntathu', 0.001089142115176357), ('zintathu', 0.07693316140272763), ('ezintathu', 0.08728795738041158)]
:

[('nkonzo', 0.28284844174002444), ('inkonzo', 0.2420517996332963), ('iinkonzo', 0.09353454299201434)]
[('ntu', 1), ('abantu', 0), ('zabantu', 0.09471173720793714)]
:
[('nkonzo', 0.28284844174002444), ('inkonzo', 0.2420517996332963), ('iinkonzo', 0.09353454299201434)]
[('mi', 1), ('abemi', 0), ('zabemi', 0.09062534073279156)]
[('mzantsi', 1), ('semzantsi', 0), ('basemzantsi', 0.06414475679855301)]
[('frikaa', 0), ('frika', 1.610631614864072e-05), ('afrika', 0.09062534073279156)]
[('ququzelelwe', 2.1006826890575245e-25), ('ququzela', 1), ('ziququzelelwe', 0.0007863161647759091), ('ququzelela', 0), ('eziququzelelwe', 0.02642877180140554)]
[('ganeko', 0.21969564473386122), ('ziganeko', 1), ('kweziganeko', 2.5262900015313445e-19), ('okweziganeko', 0), ('ngokweziganeko', 0.02642877180140554)]
[('bomi', 0.17608646938020855), ('obomi', 0), ('zobomi', 0.09062534073279156)]

[('nkonzo', 0.28284844174002444), ('inkonzo', 0.2420517996332963), ('iinkonzo', 0.09353454299201434)]
[('butho', 0.43939128946772243), ('emibutho', 0), ('zemibutho', 0.08728795738041158)]
:
[('nkonzo', 0.28284844174002444), ('inkonzo', 0.2420517996332963), ('iinkonzo', 0.09353454299201434)]
[('ngqamene', 9.056529479543482e-10), ('ngqamana', 1), ('zingqamene', 0.020279361171954294), ('ezingqamene', 0.06414475679855301)]
[('butho', 0.19496965572274114), ('mibutho', 0.12191316669090797), ('nemibutho', 0.08728795738041158)]
[('nye', 0.13695259511554658), ('unye', 0), ('kunye', 0.08194256953626018)]
[('shishini', 0.14622724179205585), ('mashishini', 1.0593870828559316e-48), ('namashishini', 0.050510968169684055)]

[('nkonzo', 0.28284844174002444), ('inkonzo', 0.2420517996332963), ('iinkonzo', 0.09353454299201434)]
[('ntu', 1), ('abantu', 0), ('zabantu', 0.09471173720793714)]
[('azwe', 1), ('mazwe', 0), ('bamazwe', 0.09471173720793714)]
[('phandle', 1), ('aphandle', 0), ('ngaphandle', 3.541390941253909e-39), ('angaphandle', 0.06414475679855301)]
:
[('nkcazelo', 0.14725073675518907), ('inkcazelo', 0.08728795738041158)]
[('ngqaliselwe', 0.008108695554940242), ('gqaliselwe', 0), ('ngqala', 1), ('engqaliselwe', 0.050510968169684055)]
[('mi', 1), ('bemia', 0), ('bemi', 0.010712981425435664), ('abemi', 0.08194256953626018)]
[('phuma', 0.5849089671682232), ('baphumaa', 0), ('baphuma', 4.492805499029319e-15), ('abaphuma', 0.09353454299201434)]
[('nye', 1), ('manye', 0.14646376315590748), ('wamanye', 0), ('kwamanye', 0.09353454299201434)]
[('zwe', 0.13977782552807744), ('mazwea', 0), ('mazwe', 1.610631614864072e-05), ('amazwe', 0.09062534073279156)]
[('dinga', 0.5849089671682232), ('badingaa', 0), ('badinga', 4.492805499029319e-15), ('abadinga', 0.09353454299201434)]
[('nkonzo', 0.28284844174002444), ('inkonzo', 0.2420517996332963), ('iinkonzo', 0.09353454299201434)]
[('bandakanyekayo', 7.42093168849234e-49), ('bandakanya', 1), ('zibandakanyekayo', 6.802967790927934e-06), ('ezibandakanyekayo', 0.006542134720391296)]
[('rhulumente', 0.012404800468441229), ('urhulumente', 0), ('kurhulumente', 0.050510968169684055)]
[('mzantsi', 1), ('wasemzantsi', 0.06414475679855301)]
[('frikaa', 0), ('frika', 1.610631614864072e-05), ('afrika', 0.09062534073279156)]
.

[('candelo', 0.2420517996332963), ('icandelo', 0.09353454299201434)]
[('nye', 1), ('linye', 2.1539520085086552e-07), ('alinye', 0), ('ngalinye', 0.09353454299201434)]
[('la', 0.11507791117574616), ('ula', 1), ('kula', 0.07001378881132146)]
[('phinde', 0.09145555248349266), ('phinda', 0.43939128946772243), ('liphinde', 0.09353454299201434)]
[('akha', 1), ('lakhiwa', 0.09471173720793714)]
[('hlobo', 0.43939128946772243), ('ohlobo', 0), ('ngohlobo', 0.09353454299201434)]
[('hambisana', 0.10984782236693061), ('luhambisana', 0), ('oluhambisana', 0.050510968169684055)]
[('ndlela', 0.2924544835841117), ('nendlela', 0.09353454299201434)]
[('landelelana', 8.33591251681251e-22), ('landela', 1), ('kulandelelana', 3.6003777727700397e-40), ('okulandelelana', 0), ('yokulandelelana', 0.017560777451749277)]
[('ganeko', 0.14612670782486142), ('ziganeko', 0), ('kweziganeko', 0.06414475679855301)]
[('bomi', 0.17608646938020855), ('obomi', 0), ('zobomi', 0.09062534073279156)]
(
[('ganeko', 0.704130653528599), ('ziganeko', 0.14725073675518907), ('iziganeko', 0.08728795738041158)]
[('mpawu', 1), ('neempawu', 9.056529479543482e-10), ('zineempawu', 0.020279361171954294), ('ezineempawu', 0.06414475679855301)]
[('thile', 0.05946514461181472), ('thi', 1), ('zithile', 0.11669966606781491), ('zitha', 0), ('ezithile', 0.09353454299201434)]
[('bomi', 0.14322033494286396), ('ubomi', 0), ('kubomi', 0.09062534073279156)]
[('mi', 1), ('mmi', 0.03700102036155938), ('bommi', 0.08194256953626018)]
[('kanye', 0), ('okanye', 0.09062534073279156)]
[('shishini', 1), ('beshishini', 0.0769751792304368)]
)
.

[('ganeko', 0.704130653528599), ('ziganeko', 0.14725073675518907), ('iziganeko', 0.08728795738041158)]
[('bomi', 0.17608646938020855), ('obomi', 0), ('zobomi', 0.09062534073279156)]
[('phinda', 0.43939128946772243), ('iphinda', 0), ('ziphinda', 0.09353454299201434)]
[('ahlulahlulwe', 1), ('zahlulahlulwe', 0.03758584331728519)]
[('gaba', 0.21969564473386122), ('kwezigaba', 9.056529479543482e-10), ('zigaba', 0), ('ngokwezigaba', 0.050510968169684055)]
[('bomi', 0.17608646938020855), ('obomi', 0), ('zobomi', 0.09062534073279156)]
.

[('nkcazelo', 0.14725073675518907), ('inkcazelo', 0.08728795738041158)]
[('nkonzo', 0.3307854642750767), ('winkonzo', 0), ('kwinkonzo', 0.08728795738041158)]
[('nye', 0.2590351913317835), ('anye', 0), ('nganye', 0.09062534073279156)]
[('lungiselelwe', 0.0002505786145795002), ('lungiselelwa', 1.2319174982434657e-07), ('ngiselelwe', 0), ('lungisa', 1), ('ilungiselelwe', 0.03758584331728519)]
[('ba', 1), ('kwemiba', 0.001089142115176357), ('miba', 0), ('ngokwemiba', 0.0769751792304368)]
[('seko', 1), ('siseko', 0.1481173001446812), ('sisiseko', 0.07693316140272763), ('esisiseko', 0.08728795738041158)]
[('xhenxe', 0.1481173001446812), ('sixhenxe', 0.07693316140272763), ('esixhenxe', 0.08728795738041158)]
[('" , "', 0.08194256953626018)]
[('yile', 0.14984533735004632), ('ya', 1), ('eyile', 0.08194256953626018)]
:
[('nkcazelo', 0.14725073675518907), ('inkcazelo', 0.08728795738041158)]
[('" , "', 0.08194256953626018)]
[('nkqubo', 0.256559525662592), ('inkqubo', 0.09471173720793714)]
[('landela', 1), ('mayilandelwe', 0.0027445130880639993), ('ayilandelwe', 0), ('emayilandelwe', 0.03758584331728519)]
[('" , "', 0.08194256953626018)]
[('thetho', 0.09713819674941881), ('mithetho', 0.14725073675518907), ('imithetho', 0.08728795738041158)]
[('sebenzisa', 1), ('setyenziswayo', 0.0007863161647759091), ('esetyenziswayo', 0.02642877180140554)]
[('" , "', 0.08194256953626018)]
[('xesha', 0.17534644306754402), ('ixesha', 0.09062534073279156)]
[('thabatha', 1), ('thatyathwayo', 1.9972629495021252e-07), ('lithatyathwayo', 0.00019069824128483523), ('elithatyathwayo', 0.017560777451749277)]
[('nye', 0.13695259511554658), ('unye', 0), ('kunye', 0.08194256953626018)]
[('gangatho', 1), ('mgangatho', 0.47490884963330915), ('nomgangatho', 0.06414475679855301)]
[('fikelelwayo', 0), ('fikelela', 1), ('ofikelelwayo', 0.050510968169684055)]
[('" , "', 0.08194256953626018)]
[('ndleko', 0.28284844174002444), ('indleko', 0.2420517996332963), ('iindleko', 0.09353454299201434)]
[('" , "', 0.08194256953626018)]
[('fom', 0.0393888444807155), ('ifom', 0.07727424414051279), ('iifom', 0.08194256953626018)]
[('gcwaliswayo', 2.1006826890575245e-25), ('gcwala', 1), ('zigcwaliswayo', 0.0007863161647759091), ('ezigcwaliswayo', 0.02642877180140554)]
[('" , "', 0.08194256953626018)]
[('nye', 0.13695259511554658), ('unye', 0), ('kunye', 0.08194256953626018)]
[('nkcukacha', 0.1182550739094592), ('enkcukacha', 9.810754960499784e-05), ('neenkcukacha', 0.050510968169684055)]
[('nxulumano', 0.024697189788076692), ('onxulumano', 0), ('zonxulumano', 0.06414475679855301)]
.

[('nkcazelo', 0.14725073675518907), ('inkcazelo', 0.08728795738041158)]
[('yama', 1), ('yayameneyo', 0.020279361171954294), ('eyayameneyo', 0.06414475679855301)]

[('li', 0.07693316140272763), ('eli', 0.05652904624281669)]
[('candelo', 0.09471173720793714)]
[('le', 0.043129439281186975)]
[('ibsite', 0), ('website', 0.09471173720793714)]
[('" , "', 0.08194256953626018)]
[('boniswe', 0.021592508740337038), ('bonisa', 1), ('liboniswe', 0.04293140793792167), ('libonisa', 0), ('eliboniswe', 0.0769751792304368)]
[('gca', 0.17843340219081563), ('mgca', 0.14322033494286396), ('umgca', 0), ('kumgca', 0.09062534073279156)]
[('khangela', 1), ('kukhangela', 0), ('wokukhangela', 0.050510968169684055)]
[('sekunene', 0), ('kunene', 1), ('osekunene', 0.08728795738041158)]
[('" , "', 0.08194256953626018)]
[('qulathe', 0.0940315972579594), ('qulatha', 0.43939128946772243), ('liqulathe', 0.08728795738041158)]
[('nxulumaniso', 0.04992674111237163), ('unxulumaniso', 0.050510968169684055)]
[(' - website', 0.08013884953749131), ('i - website', 6.128133436241757e-05), ('wii - website', 0), ('kwii - website', 0.02642877180140554)]
[('yama', 1), ('zayameneyo', 0.020279361171954294), ('ezayameneyo', 0.06414475679855301)]
[('so', 1), ('weso', 0), ('kweso', 0.08194256953626018)]
[('ganeko', 1), ('siganeko', 0.09353454299201434)]
[('bomi', 1), ('sobomi', 0.09062534073279156)]
.

[('lwimi', 0.38729896993827573), ('ilwimi', 0.256559525662592), ('iilwimi', 0.09471173720793714)]

[('hlobo', 0.10984782236693061), ('luhlobo', 0), ('oluhlobo', 0.09353454299201434)]
[('webhusayithi', 1), (' - webhusayiti', 0), ('lwe - webhusayiti', 0.006542134720391296)]
[('lungiselelwe', 0), ('lungisa', 1), ('lulungiselelwe', 0.02642877180140554)]
[('lwimi', 0.38729896993827573), ('ilwimi', 0.256559525662592), ('iilwimi', 0.09471173720793714)]
[('shumi', 1), ('lishumi', 2.6997133886924008e-06), ('zilishumi', 0.04293140793792167), ('ezilishumi', 0.0769751792304368)]
[('nye', 1), ('nanye', 0.1538507229161275), ('linanye', 0.11669966606781491), ('elinanye', 0.09353454299201434)]
[('ngesi', 0), ('ngesingesi', 1), ('njengesingesi', 0.03758584331728519)]
[('" , "', 0.08194256953626018)]
[('bhulu', 0.26922390895873166), ('sibhulu', 0.2420517996332963), ('isibhulu', 0.09353454299201434)]
[('" , "', 0.08194256953626018)]
[('ndebele', 0.13969755864197525), ('sindebele', 0.05776112262520386), ('sindebela', 0.026336578698188628), ('isindebele', 0.0769751792304368)]
[('" , "', 0.08194256953626018)]
[('xhosa', 0.26922390895873166), ('sixhosa', 0.2420517996332963), ('isixhosa', 0.09353454299201434)]
[('" , "', 0.08194256953626018)]
[('zulu', 0.18270438284917498), ('sizulu', 0.256559525662592), ('isizulu', 0.09471173720793714)]
[('" , "', 0.08194256953626018)]
[('pedi', 0.18270438284917498), ('sipedi', 0.256559525662592), ('isipedi', 0.09471173720793714)]
[('" , "', 0.08194256953626018)]
[('suthu', 0.26922390895873166), ('sisuthu', 0.2420517996332963), ('isisuthu', 0.09353454299201434)]
[('" , "', 0.08194256953626018)]
[('tsonga', 0.2461842373660949), ('sitsonga', 0.14725073675518907), ('isitsonga', 0.08728795738041158)]
[('" , "', 0.08194256953626018)]
[('swati', 0.26922390895873166), ('siswati', 0.2420517996332963), ('isiswati', 0.09353454299201434)]
[('" , "', 0.08194256953626018)]
[('venda', 0.26922390895873166), ('sivenda', 0.2420517996332963), ('isivenda', 0.09353454299201434)]
[('nye', 0.06267405954183126), ('anye', 0), ('kanye', 0.08194256953626018)]
[('tswana', 1), ('sitswana', 0.02400612588255483), ('nesitswana', 0.0769751792304368)]

[('nkcazelo', 0.14725073675518907), ('inkcazelo', 0.08728795738041158)]
[('nkonzo', 0.21969564473386122), ('enkonzo', 0), ('yenkonzo', 0.09353454299201434)]
[('mvelaphi', 1), ('kwemvelaphi', 2.5262900015313445e-19), ('okwemvelaphi', 0), ('ngokwemvelaphi', 0.02642877180140554)]
[('bhalwe', 0.256559525662592), ('bhalwa', 0.30658782393440487), ('bhala', 1), ('ibhalwe', 0.09471173720793714)]
[(' - english', 0), ('nge - english', 0.03758584331728519)]
[('" , "', 0.08194256953626018)]
[('ze', 0.004023438261258125), ('za', 1.883740695197785e-06), ('ize', 0.05652904624281669)]
[('ke', 0.043129439281186975)]
[('va', 1), ('mva', 0.11669966606781491), ('emva', 0.07001378881132146)]
[('ko', 0.05664650798299007), ('oko', 1), ('koko', 0.07001378881132146)]
[('guqulelwe', 0.05776112262520386), ('guqulelwa', 0.026336578698188628), ('guqulela', 0), ('guqula', 1), ('iguqulelwe', 0.0769751792304368)]
[('nye', 0.1581306318941132), ('zinye', 0), ('kwezinye', 0.09353454299201434)]
[('lwimi', 0.38729896993827573), ('ilwimi', 0.256559525662592), ('iilwimi', 0.09471173720793714)]
.

[('nkcazelo', 0.14725073675518907), ('inkcazelo', 0.08728795738041158)]
[('nkonzo', 1), ('enkonzo', 0.28209479177387814), ('eenkonzo', 0), ('yeenkonzo', 0.08728795738041158)]
[('nye', 1), ('kwenzinye', 0.04293140793792167), ('ekwenzinye', 0.0769751792304368)]
[('lwimi', 0.38729896993827573), ('ilwimi', 0.256559525662592), ('iilwimi', 0.09471173720793714)]
[('fakwa', 0.17534644306754402), ('faka', 0.1462272417920559), ('ifakwa', 0.09062534073279156)]
[(' - website', 0.0013518445876584595), ('wi - website', 0), ('kwi - website', 0.03758584331728519)]
[('va', 1), ('mva', 0.11669966606781491), ('emva', 0.07001378881132146)]
[('kuba', 0.1880730297682562), ('okuba', 0), ('kokuba', 0.09062534073279156)]
[('guquliwe', 0.14725073675518907), ('guquliwa', 0.1776916432922826), ('guqulia', 0), ('guqula', 1), ('iguquliwe', 0.08728795738041158)]
.

[('nye', 0.43939128946772243), ('zinye', 0.16286750396764), ('ezinye', 0.09062534073279156)]
[('bakala', 0.704130653528599), ('zibakala', 0.14725073675518907), ('izibakala', 0.08728795738041158)]
[('website', 0), ('ze - website', 0.050510968169684055)]

[('enza', 1), ('sebenzisa', 0.08728795738041158)]
[('phepha', 0.256559525662592), ('iphepha', 0.09471173720793714)]
[('thi', 0.23801803234528057), ('lithi', 0.16286750396764), ('elithi', 0.09062534073279156)]
[('nxulumana', 0.08728795738041158)]
[('thi', 0.33574815238355865), ('nathi', 0.08194256953626018)]
[('ze', 0.021344202823119978), ('kuze', 0.0881978584207799), ('kuza', 0.1965477366561654), ('ukuze', 0.08194256953626018)]
[('nze', 0), ('inze', 1), ('wenze', 0.08194256953626018)]
[('phawulo', 0.2590351913317835), ('ziphawulo', 0.05776112262520386), ('iziphawulo', 0.0769751792304368)]
[('kanye', 0), ('okanye', 0.09062534073279156)]
[('zise', 0), ('zisa', 1), ('buzise', 0.12072654406918464), ('buzisa', 0.16748693302691792), ('ubuzise', 0.09471173720793714)]
[(' - website', 0), ('nge - website', 0.03758584331728519)]
[('nkonzo', 1), ('enkonzo', 0.28209479177387814), ('eenkonzo', 0), ('yeenkonzo', 0.08728795738041158)]
[('rhulumente', 1), ('karhulumente', 4.111658022631491e-14), ('ikarhulumente', 0), ('zikarhulumente', 0.02642877180140554)]
.

[('nxulumaniso', 0.04992674111237163), ('unxulumaniso', 0.050510968169684055)]
[('lwe', 0), ('lwelwe', 0.09062534073279156)]
[('www . gov . za', 0.02642877180140554)]
[('fikelelisa', 0), ('fikelela', 1), ('lufikelelisa', 0.050510968169684055)]
[('phepha', 0.3307854642750767), ('wiphepha', 0), ('kwiphepha', 0.08728795738041158)]
[('ngena', 0.28345612979337237), ('kungena', 0.1298095341343766), ('lokungena', 0.08728795738041158)]
[(' - online', 0), ('le - online', 0.06414475679855301)]
[('rhulumente', 0.06967065232683482), ('arhulumente', 0), ('karhulumente', 0.050510968169684055)]
[('mzantsi', 1), ('wasemzantsi', 0.06414475679855301)]
[('frikaa', 0), ('frika', 1.610631614864072e-05), ('afrika', 0.09062534073279156)]
[('" , "', 0.08194256953626018)]
[('fikelelisa', 6.478090000166189e-05), ('fikelela', 1), ('lifikelelisa', 0.0027445130880639993), ('elifikelelisa', 0.03758584331728519)]
[('le', 0.11507791117574616), ('ule', 1), ('kule', 0.07001378881132146)]
[('ibiste', 0), ('webiste', 0.09471173720793714)]
(
[(' - website', 0.014609749279844394), (' - websita', 0.0013112210442223463), ('i - website', 0.06414475679855301)]
[('nkonzo', 1), ('enkonzo', 0.28209479177387814), ('eenkonzo', 0), ('yeenkonzo', 0.08728795738041158)]
[('rhulumente', 1), ('karhulumente', 4.111658022631491e-14), ('ikarhulumente', 0), ('zikarhulumente', 0.02642877180140554)]
)
[('nye', 0.13695259511554658), ('unye', 0), ('kunye', 0.08194256953626018)]
[(' - website', 9.810754960499784e-05), ('ne - website', 0.050510968169684055)]
[('nkcazelo', 0.21969564473386122), ('enkcazelo', 0), ('yenkcazelo', 0.0769751792304368)]
[('rhulumente', 0.06967065232683482), ('arhulumente', 0), ('karhulumente', 0.050510968169684055)]
(
[('www . info . gov . za', 0.0004602988430243579)]
)
.

[('mephu', 0.17534644306754402), ('imephu', 0.09062534073279156)]
[('za', 1), ('siza', 0.02973257230590736), ('esiza', 0), ('yesiza', 0.09062534073279156)]
[('melo', 0), ('lumelo', 0.256559525662592), ('ilumelo', 0.09471173720793714)]
[('bonakala', 1), ('mbonakalo', 0), ('lwembonakalo', 0.050510968169684055)]
[('ehlo', 1), ('mehlo', 1.9175057934356653e-07), ('amehlo', 0), ('yamehlo', 0.09471173720793714)]
[('akhiwo', 1), ('lwakhiwo', 9.056529479543482e-10), ('olwakhiwo', 0), ('yolwakhiwo', 0.0769751792304368)]
[('cwangciso', 0.47490884963330915), ('nocwangciso', 0.06414475679855301)]
[(' - website', 0), ('lwe - website', 0.03758584331728519)]
.

[('nikezelwa', 0.05776112262520386), ('nikezela', 0.08869130543209439), ('nikeza', 0), ('inikezelwa', 0.0769751792304368)]
[('landelelana', 1), ('kokulandelelana', 7.42093168849234e-49), ('okokulandelelana', 0), ('ngokokulandelelana', 0.0036679927553233136)]
[('me', 1), ('bume', 0.1880730297682562), ('obume', 0), ('kobume', 0.09062534073279156)]
[('gunyaziso', 0.47490884963330915), ('nogunyaziso', 0.06414475679855301)]
[('" , "', 0.08194256953626018)]
[('nto', 0.05652904624281669)]
[('yo', 0), ('leyo', 0.07001378881132146)]
[('cubungula', 0.04293140793792167), ('ecubungula', 0.0769751792304368)]
[('nkcazelo', 0.14725073675518907), ('inkcazelo', 0.08728795738041158)]
[('za', 1), ('siza', 0.02973257230590736), ('esiza', 0), ('yesiza', 0.09062534073279156)]
[('mba', 1), ('beyimiba', 0.14725073675518907), ('ibeyimiba', 0.08728795738041158)]
[('hloko', 0.43939128946772243), ('zihloko', 0.28209479177387814), ('ezihloko', 0), ('yezihloko', 0.08728795738041158)]
[('ngqaliseka', 2.5262900015313445e-19), ('ngqala', 1), ('zingqaliseka', 0.0027445130880639993), ('ezingqaliseka', 0.03758584331728519)]
[('anda', 1), ('kwandayo', 2.6997133886924008e-06), ('okwandayo', 0), ('ngokwandayo', 0.06414475679855301)]
.

[('ko', 0.001089142115176357), ('oko', 1), ('ngoko', 0.08194256953626018)]
[('ke', 0.043129439281186975)]
[('nceda', 0.43939128946772243), ('yakunceda', 0.05776112262520386), ('iyakunceda', 0.0769751792304368)]
[('azi', 1), ('kwazi', 0.10822449957338165), ('ukwazi', 0.09062534073279156)]
[('fundisa', 1), ('zifundisa', 0.09464583518334412), ('kuzifundisa', 0.04992674111237163), ('kuzifunda', 0), ('ukuzifundisa', 0.050510968169684055)]
[('lunga', 0), ('alunga', 0.19496965572274114), ('malunga', 0.09471173720793714)]
[('ndlela', 0.2924544835841117), ('nendlela', 0.09353454299201434)]
[('cwangcisa', 1), ('kucwangciswe', 0.0027445130880639993), ('kucwangcisa', 0), ('ekucwangciswe', 0.03758584331728519)]
[('yo', 0.704130653528599), ('ayo', 1), ('ngayo', 0.08194256953626018)]
[('ba', 0.09713819674941881), ('miba', 0.07727424414051279), ('imiba', 0.08194256953626018)]
[('qulathwe', 0.07693316140272763), ('qulatha', 1), ('equlathwe', 0.08728795738041158)]
[(' - website', 0.0013518445876584595), ('wi - website', 0), ('kwi - website', 0.03758584331728519)]
.

[('phepha', 0.256559525662592), ('iphepha', 0.09471173720793714)]
[('fikelelisa', 0.0007343092726374278), ('fikelela', 1), ('kufikelelisa', 0.04066443869424554), ('lokufikelelisa', 0.02642877180140554)]
[('nkcazelo', 0.0836356630853958), ('winkcazelo', 0), ('kwinkcazelo', 0.06414475679855301)]
[(' - website', 0.02973257230590736), ('website', 0), ('ye - website', 0.050510968169684055)]
[('nika', 0.07323188157795374), ('linika', 0.09062534073279156)]
[('dweliso', 0.12243048978477945), ('udweliso', 0.09353454299201434)]
[('ona', 1), ('zona', 0), ('lwezona', 0.09471173720793714)]
[('nkonzo', 0.09062534073279156)]
[('fikelelwa', 0.02576431650757931), ('fikelela', 1), ('ufikelelwa', 0), ('kufikelelwa', 0.06414475679855301)]
[('zo', 0.11507791117574616), ('uzo', 1), ('kuzo', 0.07001378881132146)]
[('khulu', 0.11826606087235898), ('akhulu', 0), ('kakhulu', 0.09471173720793714)]
.

[('zi', 0.07693316140272763), ('ezi', 0.05652904624281669)]
[('ngeniso', 0.43939128946772243), ('ingeniso', 0), ('zingeniso', 0.08728795738041158)]
[('fikelelisa', 2.6997133886924008e-06), ('fikelela', 1), ('ifikelelisa', 0), ('zifikelelisa', 0.050510968169684055)]
[('nkonzo', 0.064365814875238), ('inkonzo', 0.2345620177778821), ('wiinkonzo', 0), ('kwiinkonzo', 0.0769751792304368)]
[('hlanu', 1), ('ntlanu', 0.001089142115176357), ('zintlanu', 0.07693316140272763), ('ezintlanu', 0.08728795738041158)]
[('zona', 1), ('zezona', 0.001089142115176357), ('zizezona', 0.07693316140272763), ('ezizezona', 0.08728795738041158)]
[('tyelelwa', 0.05946514461181472), ('tyelela', 1), ('ityelelwa', 0), ('zityelelwa', 0.0769751792304368)]
[('khulu', 0.11826606087235898), ('akhulu', 0), ('kakhulu', 0.09471173720793714)]
[('sebenzisi', 1), ('basebenzisi', 2.5153447657563875e-67), ('abasebenzisi', 0), ('ngabasebenzisi', 0.02642877180140554)]
.

[('lu', 0), ('olu', 0.05652904624281669)]
[('dweliso', 0.09471173720793714)]
[('qhelaniswa', 0), ('qhelana', 1), ('luqhelaniswa', 0.050510968169684055)]
[('meko', 1), ('rmeko', 0.33139434566579384), ('nermeko', 0.09471173720793714)]
[('balo', 0.43939128946772243), ('zibalo', 0.21969564473386122), ('ezibalo', 0), ('yezibalo', 0.09353454299201434)]
[('esitatistiksi', 0), ('zesitatistiksi', 0.02642877180140554)]
[('phepha', 1), ('maphepha', 0), ('samaphepha', 0.0769751792304368)]
[('tyelelweyoa', 0), ('tyelelweyo', 3.541390941253909e-39), ('tyela', 1), ('atyelelweyo', 0.06414475679855301)]
.

[('bhokisi', 0.2420517996332963), ('ibhokisi', 0.09353454299201434)]
[('funisa', 0.35476522172837804), ('kufunisa', 9.056529479543482e-10), ('okufunisa', 0), ('yokufunisa', 0.0769751792304368)]
[('fuma', 1), ('yafumaneka', 0.014609749279844394), ('yafuma', 0), ('iyafumaneka', 0.06414475679855301)]
[('wo', 0.11507791117574616), ('uwo', 1), ('kuwo', 0.07001378881132146)]
[('nke', 1), ('wonke', 0.08194256953626018)]
[('phepha', 0.1828581869926013), ('maphephaa', 0), ('maphepha', 8.33591251681251e-22), ('amaphepha', 0.08728795738041158)]
[(' - website', 0.0013518445876584595), ('wi - website', 0), ('kwi - website', 0.03758584331728519)]
.

[('xa', 0.043129439281186975)]
[('ngenisa', 0.12243048978477945), ('ngena', 1), ('ungenisa', 0.09353454299201434)]
[('gama', 0.23921617340873966), ('magamaa', 0), ('magama', 1.2055872364755822e-09), ('amagama', 0.09471173720793714)]
[('funisa', 0.43939128946772243), ('kufunisa', 0), ('okufunisa', 0.08728795738041158)]
[('" , "', 0.08194256953626018)]
[('funisa', 1), ('yakufuniswa', 0.0052482808031458295), ('yakufunisa', 0), ('kuyakufuniswa', 0.03758584331728519)]
[('la', 0.704130653528599), ('ala', 1), ('ngala', 0.08194256953626018)]
[('gama', 1), ('agama', 0.23032943298089034), ('magama', 0.09062534073279156)]
[('yo', 0.11507791117574616), ('uyo', 1), ('kuyo', 0.07001378881132146)]
[('nke', 0.43939128946772243), ('onke', 0), ('yonke', 0.08194256953626018)]
[(' - website', 0.014609749279844394), (' - websita', 0.0013112210442223463), ('i - website', 0.06414475679855301)]
.

[('khona', 0.14646376315590748), ('wakhona', 0), ('kwakhona', 0.09353454299201434)]
[('" , "', 0.08194256953626018)]
[('ngenisa', 1), ('sengangenisa', 0.03143896331630641), ('sengangena', 0), ('usengangenisa', 0.03758584331728519)]
[('funiso', 0.12072654406918464), ('ufuniso', 0.09471173720793714)]
[('na', 1), ('lolona', 0.13250176617201428), ('lulolona', 0), ('olulolona', 0.08728795738041158)]
[('nkqubela - phambili', 1), ('nenkqubela - phambili', 0), ('lunenkqubela - phambili', 8.69329744174774e-05)]
[('lukwizinga', 0.47490884963330915), ('nolukwizinga', 0.050510968169684055)]
[('phezulu', 0.021592508740337038), ('liphezulu', 0.04293140793792167), ('eliphezulu', 0.0769751792304368)]
[('khetha', 0.1182550739094592), ('kukhetha', 2.6997133886924008e-06), ('okukhetha', 0), ('ngokukhetha', 0.06414475679855301)]
[('nxulumaniso', 0.04992674111237163), ('unxulumaniso', 0.050510968169684055)]
[(' - advanced', 0), ('lwe - advanced', 0.02642877180140554)]
[('search', 0.09062534073279156)]
.

[('lu', 0), ('olu', 0.05652904624281669)]
[('hlobo', 0.08194256953626018)]
[('funisa', 0.2962415039106453), ('funa', 0), ('kufunisa', 0.12751208076582565), ('lokufunisa', 0.0769751792304368)]
[('funisa', 1), ('funa', 0), ('lufunisa', 0.09353454299201434)]
[('nkcazelo', 1), ('enkcazelo', 0), ('ngenkcazelo', 0.06414475679855301)]
[('nye', 0.1581306318941132), ('zinye', 0), ('kwezinye', 0.09353454299201434)]
[(' - website', 4.860969580565798e-06), ('i - website', 0.002382752254319605), ('i - websita', 2.1928890886540717e-05), ('ii - website', 0.050510968169684055)]
[('rhulumente', 1), ('karhulumente', 4.111658022631491e-14), ('ikarhulumente', 0), ('zikarhulumente', 0.02642877180140554)]
.

[('nxulumaniso', 0.04992674111237163), ('unxulumaniso', 0.050510968169684055)]
[(' - website', 0.08013884953749131), ('i - website', 6.128133436241757e-05), ('wii - website', 0), ('kwii - website', 0.02642877180140554)]
[('phandle', 1), ('angaphandle', 0), ('zangaphandle', 0.050510968169684055)]
[('bonisa', 1), ('boniswa', 0), ('luboniswa', 0.08728795738041158)]
[('magama', 4.86864106605802e-13), ('gama', 0), ('gamagama', 1), ('ngamagama', 0.08728795738041158)]
[('thia', 0), ('thi', 0.3547652217283777), ('athi', 0.07001378881132146)]
[('" , "', 0.08194256953626018)]
'
[('utside', 0), ('outside', 0.09471173720793714)]
[('nk', 0.046954846275608815), ('link', 0.07001378881132146)]
-
[('pens', 1), ('opens', 0.08194256953626018)]
[('in', 0.043129439281186975)]
[('new', 0.05652904624281669)]
[('window', 0.09062534073279156)]
'
[('" , "', 0.08194256953626018)]
[('bonakala', 1), ('yakubonakalaa', 0), ('yakubonakala', 9.244018651465893e-62), ('ayakubonakala', 0.03758584331728519)]
[('bhokisi', 0.2345620177778821), ('wibhokisi', 0), ('kwibhokisi', 0.0769751792304368)]
[('xa', 0.043129439281186975)]
[(' - cursor', 0.05776112262520386), ('i - cursor', 0.0769751792304368)]
[('kho', 0.9351293889581601), ('akho', 0), ('yakho', 0.08194256953626018)]
[('gqithiselwa', 0.002382752254319605), ('gqithisela', 0.022424673816846052), ('gqithisa', 1), ('igqithiselwa', 0.050510968169684055)]
[('nxulumaniso', 0.0052482808031458295), ('unxulumaniso', 0), ('kunxulumaniso', 0.03758584331728519)]
.

[(' - website', 0.014609749279844394), (' - websita', 0.0013112210442223463), ('i - website', 0.06414475679855301)]
[('vula', 0.43939128946772243), ('yakuvula', 0.14725073675518907), ('iyakuvula', 0.08728795738041158)]
[('kroba', 0.26922390895873166), ('sikroba', 0.2420517996332963), ('isikroba', 0.09353454299201434)]
[('tsha', 0.12839961406608852), ('sitsha', 0.14984533735004632), ('esitsha', 0.09471173720793714)]
[('khangela', 1), ('kukhangela', 0), ('sokukhangela', 0.050510968169684055)]
.

[('landelelana', 0.021344202823119978), ('landela', 1), ('kulandelelana', 0.017997527703603258), ('ukulandelelana', 0.02642877180140554)]
[('hlandlo', 0.08408620547020876), ('zihlandlo', 0), ('kwezihlandlo', 0.050510968169684055)]
[('faka', 1), ('kufaka', 0.1526454687507399), ('okufaka', 0), ('zokufaka', 0.09353454299201434)]
[('nkcazelo', 0.14725073675518907), ('inkcazelo', 0.08728795738041158)]
[('tshanje', 1), ('kutshanje', 3.2384983149328976e-55), ('akutshanje', 0), ('yakutshanje', 0.06414475679855301)]

[(' - website', 0.014609749279844394), (' - websita', 0.0013112210442223463), ('i - website', 0.06414475679855301)]
[('mana', 0.07727424414051279), ('imana', 0.08194256953626018)]
[('fakwa', 0.17534644306754402), ('faka', 0.1462272417920559), ('ifakwa', 0.09062534073279156)]
[('nkcazelo', 0.14725073675518907), ('inkcazelo', 0.08728795738041158)]
[('tsha', 1), ('ntsha', 0.16286750396764), ('entsha', 0.09062534073279156)]
.

[('gaqo', 0.06733842152180956), ('mgaqo', 0.10822449957338165), ('umgaqo', 0.09062534073279156)]
[('ithu', 1), ('thu', 0), ('wethu', 0.08194256953626018)]
[('nika', 1), ('kunika', 0.10627763760632689), ('ukunika', 0), ('kukunika', 0.09353454299201434)]
[('nkcazelo', 0.14725073675518907), ('inkcazelo', 0.08728795738041158)]
[('ngoko', 1), ('njengoko', 0.09353454299201434)]
[('mana', 0.07727424414051279), ('imana', 0.08194256953626018)]
[('fumaneka', 0.14725073675518907), ('fuma', 1), ('ifumaneka', 0.08728795738041158)]
[('ye', 0.14646376315590748), ('waye', 0), ('kwaye', 0.08194256953626018)]
[('xa', 0.6272601284059217), ('naxa', 0.07001378881132146)]
[('fumaneka', 0.14725073675518907), ('fuma', 1), ('ifumaneka', 0.08728795738041158)]
.

[('ngona', 1.2512169170997418e-06), ('nangona', 0.09471173720793714)]
[('njalo', 0.1316119206821738), ('unjalo', 0), ('kunjalo', 0.09471173720793714)]
[('" , "', 0.08194256953626018)]
[('velisi', 0.35476522172837804), ('velisa', 0), ('bavelisi', 8.33591251681251e-22), ('abavelisi', 0.08728795738041158)]
[(' - website', 0), ('be - website', 0.050510968169684055)]
[('nkonzo', 1), ('enkonzo', 0.28209479177387814), ('eenkonzo', 0), ('yeenkonzo', 0.08728795738041158)]
[('rhulumente', 1), ('karhulumente', 4.111658022631491e-14), ('ikarhulumente', 0), ('zikarhulumente', 0.02642877180140554)]
[('nika', 1), ('nakunika', 1.610631614864078e-05), ('banakunikaa', 0), ('banakunika', 3.541390941253909e-39), ('abanakunika', 0.06414475679855301)]
[('qinisekiso', 0.001457693709775173), ('siqinisekiso', 0.0002505786145795002), ('isiqinisekiso', 0.03758584331728519)]
[('tsha', 1), ('butsha', 0.05946514461181472), ('obutsha', 0), ('ngobutsha', 0.08728795738041158)]
[('nkcazelo', 1), ('benkcazelo', 0.0769751792304368)]
[('papashwa', 0.07693316140272763), ('papasha', 1), ('epapashwa', 0.08728795738041158)]
[('nye', 0.1581306318941132), ('zinye', 0), ('kwezinye', 0.09353454299201434)]
[(' - website', 4.860969580565798e-06), ('i - website', 0.002382752254319605), ('i - websita', 2.1928890886540717e-05), ('ii - website', 0.050510968169684055)]
[('nxulumana', 0.06285696015638527), ('sinxulumana', 0.008108695554940242), ('esinxulumana', 0.050510968169684055)]
[('zo', 0.6272601284059217), ('nazo', 0.07001378881132146)]
.

[('jonga', 0.08194256953626018)]
[('candelo', 0.2420517996332963), ('icandelo', 0.09353454299201434)]
[('thi', 0.23801803234528057), ('lithi', 0.16286750396764), ('elithi', 0.09062534073279156)]
[('" , "', 0.08194256953626018)]
[('meko', 0.200748738681864), ('imeko', 0.17534644306754402), ('iimeko', 0.09062534073279156)]
[('qathango', 0.1182550739094592), ('miqathango', 9.810754960499784e-05), ('nemiqathango', 0.050510968169684055)]
[('" , "', 0.08194256953626018)]
[('hlathi', 0.14401676556675755), ('mhlathi', 0.07541273301823996), ('umhlathi', 0), ('kumhlathi', 0.08728795738041158)]
[('4 . 3', 0.08194256953626018)]
.

[('nikazi', 0), ('ni', 1), ('bunikazi', 0.11287195337663666), ('ubunikazi', 0.08728795738041158)]
[('nkcazelo', 1), ('benkcazelo', 0.0769751792304368)]

[('sebe', 0.23921617340873966), ('masebea', 0), ('masebe', 1.2055872364755822e-09), ('amasebe', 0.09471173720793714)]
[('rhulumente', 0.06967065232683482), ('arhulumente', 0), ('karhulumente', 0.050510968169684055)]
[('thabathelaa', 0), ('thabathela', 3.541390941253909e-39), ('thabatha', 1), ('athabathela', 0.06414475679855301)]
[('wo', 0.11507791117574616), ('uwo', 1), ('kuwo', 0.07001378881132146)]
[('nikazi', 0), ('ni', 1), ('bunikazi', 0.11287195337663666), ('ubunikazi', 0.08728795738041158)]
[('nkcazelo', 1), ('benkcazelo', 0.0769751792304368)]
[('wo', 0.10361528977400372), ('awo', 0), ('yawo', 0.07001378881132146)]
[(' - webiste', 0.0013518445876584595), ('wi - webiste', 0), ('kwi - webiste', 0.03758584331728519)]
.

[('lo', 0.043129439281186975)]
[('sebenzi', 0.1182550739094592), ('msebenzi', 0.09353454299201434)]
[('nika', 1), ('wanikwa', 0.09471173720793714)]
[('manejala', 1), ('omanejala', 0), ('oomanejala', 0.0769751792304368)]
[('nxulumano', 0.10667310012888748), ('bonxulumano', 0.06414475679855301)]
[('" , "', 0.08194256953626018)]
[('xanduva', 1), ('noxanduva', 1.2055872364755866e-09), ('banoxanduvaa', 0), ('banoxanduva', 8.108846240242581e-50), ('abanoxanduva', 0.050510968169684055)]
[('nkcazelo', 1), ('lwenkcazelo', 0.06414475679855301)]
[('papashwa', 0.07693316140272763), ('papasha', 1), ('epapashwa', 0.08728795738041158)]
[(' - website', 0.0013518445876584595), ('wi - website', 0), ('kwi - website', 0.03758584331728519)]
.

[(' - government', 1.6991749892652854e-05), ('i - government', 0.02642877180140554)]
[('communications', 0.02642877180140554)]
(
[('gcis', 0.07001378881132146)]
)
[('xanduva', 1), ('noxanduva', 0.05776112262520386), ('inoxanduva', 0.0769751792304368)]
[('phatha', 0.2962415039106453), ('kuphatha', 0.12751208076582565), ('lokuphatha', 0.0769751792304368)]
[('lawula', 1), ('kulawula', 0.023644319365197175), ('nokulawula', 0.0769751792304368)]
[('hlanganiswa', 0.021344202823119978), ('hlangana', 1), ('kuhlanganiswa', 0.017997527703603258), ('ukuhlanganiswa', 0.02642877180140554)]
[('ba', 1), ('miba', 0), ('kwemiba', 0.09471173720793714)]
[('qulathwe', 0.07693316140272763), ('qulatha', 1), ('equlathwe', 0.08728795738041158)]
[(' - website', 0.0013518445876584595), ('wi - website', 0), ('kwi - website', 0.03758584331728519)]
.

[('me', 1), ('ma', 0), ('bume', 0.0881978584207799), ('buma', 0.1965477366561654), ('ubume', 0.08194256953626018)]
[('hlobo', 0.1349714313834778), ('bohlobo', 0.09471173720793714)]
[('qulu', 1), ('miqulu', 0), ('lwemiqulu', 0.08728795738041158)]

[('bona', 1), ('obona', 0.08194256953626018)]
[('bume', 0.07001378881132146)]
[('hlobo', 0.1349714313834778), ('bohlobo', 0.09471173720793714)]
[('qulu', 1), ('miqulu', 0), ('lwemiqulu', 0.08728795738041158)]
[('fuma', 1), ('bufumaneka', 0.0769751792304368)]
[('khulu', 0.11826606087235898), ('akhulu', 0), ('kakhulu', 0.09471173720793714)]
[('nkcazelo', 1), ('benkcazelo', 0.0769751792304368)]
[(' - website', 0.0013518445876584595), ('wi - website', 0), ('kwi - website', 0.03758584331728519)]
[(' - html', 0.10312609096189632), ('i - html', 0), ('yi - html', 0.08728795738041158)]
.

[('dwa', 0.11992065834103997), ('odwa', 0), ('kodwa', 0.08194256953626018)]
[('ke', 0.043129439281186975)]
[('" , "', 0.08194256953626018)]
[('ndidi', 0.38729896993827573), ('indidi', 0.256559525662592), ('iindidi', 0.09471173720793714)]
[('pdf', 1), ('e - pdf', 0), ('ze - pdf', 0.09353454299201434)]
[('qulu', 0.43939128946772243), ('emiqulu', 0), ('zemiqulu', 0.09353454299201434)]
(
[('zekelo', 0.07790774463274563), ('mzekelo', 0.12243048978477945), ('umzekelo', 0.09353454299201434)]
[('" , "', 0.08194256953626018)]
[('thetho', 0.09713819674941881), ('mithetho', 0.14725073675518907), ('imithetho', 0.08728795738041158)]
[('" , "', 0.08194256953626018)]
[('fom', 0.0393888444807155), ('ifom', 0.07727424414051279), ('iifom', 0.08194256953626018)]
)
[('nika', 1), ('yanikwa', 0.43939128946772243), ('yanika', 0), ('ziyanikwa', 0.08728795738041158)]
[('ze', 0.021344202823119978), ('kuze', 0.0881978584207799), ('kuza', 0.1965477366561654), ('ukuze', 0.08194256953626018)]
[('gcinwe', 0.10627763760632689), ('gcina', 1), ('ugcinwe', 0), ('kugcinwe', 0.09353454299201434)]
[('qobo', 0.0881978584207799), ('uqobo', 0.08194256953626018)]
[('yilo', 0.07200838278337877), ('loyilo', 0.09062534073279156)]
[('qulu', 1), ('miqulu', 0), ('lwemiqulu', 0.08728795738041158)]
.

[('ze', 0.021344202823119978), ('kuze', 0.0881978584207799), ('kuza', 0.1965477366561654), ('ukuze', 0.08194256953626018)]
[('vule', 0.0881978584207799), ('vula', 0.1965477366561654), ('uvule', 0.08194256953626018)]
[('qulu', 0.29920671030107454), ('miqulu', 0.256559525662592), ('imiqulu', 0.09471173720793714)]
[('pdf', 1), (' - pdf', 0.21969564473386122), ('e - pdf', 0), ('ye - pdf', 0.09353454299201434)]
[('" , "', 0.08194256953626018)]
[('funeka', 0.10627763760632689), ('funa', 1), ('ufuneka', 0), ('kufuneka', 0.09353454299201434)]
[('fakelwe', 0.12243048978477945), ('fakelwa', 0.10158595998206217), ('faka', 1), ('ufakelwe', 0.09353454299201434)]
[('khompyutha', 1), ('khompiyutha', 6.128133436241757e-05), ('wikhompiyutha', 0), ('kwikhompiyutha', 0.02642877180140554)]
[('kho', 0.9351293889581601), ('akho', 0), ('yakho', 0.08194256953626018)]
[(' - adobe', 0.14725073675518907), (' - adoba', 0.1776916432922826), ('i - adobe', 0.08728795738041158)]
[('crobata', 0), ('crobat', 1.2055872364755822e-09), ('acrobat', 0.09471173720793714)]
[('reader', 0.09062534073279156)]
4
[('kanye', 0), ('okanye', 0.09062534073279156)]
[('hlobo', 0.10822449957338165), ('uhlobo', 0.09062534073279156)]
[('phezulu', 1), ('ngaphezulu', 0.08036638364940094), ('lungaphezulu', 0), ('olungaphezulu', 0.03758584331728519)]
[('yo', 0.14646376315590748), ('wayo', 0), ('kwayo', 0.08194256953626018)]
.

[('ya', 0.004023438261258125), ('iya', 0.05652904624281669)]
[('vulela', 0.10627763760632689), ('uvulela', 0), ('kuvulela', 0.09353454299201434)]
[('qulu', 0.29920671030107454), ('miqulu', 0.256559525662592), ('imiqulu', 0.09471173720793714)]
[('nqo', 0.05652904624281669)]
[('khangeli', 1), ('sikhangeli', 0.0013518445876584595), ('wisikhangeli', 0), ('kwisikhangeli', 0.03758584331728519)]
[('kho', 1), ('sakho', 0.08194256953626018)]
.

[('nye', 1), ('manye', 2.1539520085086552e-07), ('amanye', 0), ('ngamanye', 0.09353454299201434)]
[('xesha', 0.26162701253595944), ('maxeshaa', 0), ('maxesha', 4.492805499029319e-15), ('amaxesha', 0.09353454299201434)]
[('thabatha', 0.0470222700637196), ('uthabatha', 0), ('kuthabatha', 0.0769751792304368)]
[('xesha', 0.17534644306754402), ('ixesha', 0.09062534073279156)]
[('de', 0.1669678004939131), ('lide', 0.14984533735004632), ('elide', 0.08194256953626018)]
[('vula', 0.09464583518334412), ('kuvula', 0.12072654406918464), ('ukuvula', 0.09471173720793714)]
[('qulu', 0.29920671030107454), ('miqulu', 0.256559525662592), ('imiqulu', 0.09471173720793714)]
[('pdf', 1), (' - pdf', 0.21969564473386122), ('e - pdf', 0), ('ye - pdf', 0.09353454299201434)]
.

[('le', 0.11507791117574616), ('ule', 1), ('kule', 0.07001378881132146)]
[('eko', 0.1182550739094592), ('meko', 0.07001378881132146)]
[('ke', 0.043129439281186975)]
[('" , "', 0.08194256953626018)]
[('cebisa', 1), ('sicebisa', 0.09353454299201434)]
[('ba', 0.021344202823119978), ('kuba', 0.0881978584207799), ('ukuba', 0.08194256953626018)]
[('thula', 1), ('yothulele', 0.09460021668248096), ('yothulela', 0.016133620692951767), ('uyothulele', 0.0769751792304368)]
[('khompyutha', 1), ('khompiyutha', 6.128133436241757e-05), ('wikhompiyutha', 0), ('kwikhompiyutha', 0.02642877180140554)]
[('kho', 0.9351293889581601), ('akho', 0), ('yakho', 0.08194256953626018)]
[('" , "', 0.08194256953626018)]
[('ze', 0.04401004928252048), ('za', 0.07525673012015548), ('uze', 0.05652904624281669)]
[('ke', 0.043129439281186975)]
[('vulela', 1), ('yivulele', 0.11287195337663666), ('yivulela', 0.04656761471998918), ('uyivulele', 0.08728795738041158)]
[('yo', 0.11507791117574616), ('uyo', 1), ('kuyo', 0.07001378881132146)]
.

[('cebisa', 0.09062534073279156)]
[('thula', 1), ('kothulela', 0), ('okothulela', 0.0769751792304368)]
[('qulu', 0.29920671030107454), ('miqulu', 0.256559525662592), ('imiqulu', 0.09471173720793714)]
[('khompyutha', 1), ('khompiyutha', 6.128133436241757e-05), ('wikhompiyutha', 0), ('kwikhompiyutha', 0.02642877180140554)]
[('kho', 0.9351293889581601), ('akho', 0), ('yakho', 0.08194256953626018)]
.

[('xa', 0.043129439281186975)]
[('sebenzisa', 0.09460021668248096), ('sebenza', 0), ('usebenzisa', 0.0769751792304368)]
[('hloli', 0.26922390895873166), ('sihloli', 0.2420517996332963), ('isihloli', 0.09353454299201434)]
[('se - internet', 0.03758584331728519)]
(
[('nternet', 0.2420517996332963), ('internet', 0.09353454299201434)]
[('xplorer', 0.11669966606781491), ('explorer', 0.09353454299201434)]
)
[('khangeli', 1), ('ngesikhangeli', 0), ('njengesikhangeli', 0.011026167183421628)]
[('kho', 1), ('sakho', 0.08194256953626018)]
:

[('sebenzisa', 0.19496965572274114), ('kusebenzisa', 2.5262900015313445e-19), ('okusebenzisa', 0), ('ngokusebenzisa', 0.02642877180140554)]
[(' - mouse', 0.14725073675518907), (' - mousa', 0.1776916432922826), ('i - mouse', 0.08728795738041158)]
[('kho', 0.9351293889581601), ('akho', 0), ('yakho', 0.08194256953626018)]
[('" , "', 0.08194256953626018)]
[('cofa', 0.07001378881132146)]
[('nene', 1), ('sekunene', 1.528331082317441e-29), ('asekunene', 0), ('ngasekunene', 0.06414475679855301)]
[('qulu', 0.2550241615316513), ('mqulu', 0.1316119206821738), ('umqulu', 0), ('kumqulu', 0.09471173720793714)]
[('funa', 1), ('ofuna', 0.08194256953626018)]
[('othula', 1), ('wothula', 0.17918875487148256), ('kuwothula', 0.09460021668248096), ('ukuwothula', 0.0769751792304368)]
.

[('ntlobo - ntlobo', 0.041807502870754285), ('intlobo - ntlobo', 3.896490319850862e-16), ('wiintlobo - ntlobo', 0), ('kwiintlobo - ntlobo', 0.001943352266771378)]
[('hloko', 1), ('ezihloko', 0), ('zezihloko', 0.08728795738041158)]
[('dweliswe', 9.056529479543482e-10), ('dwelisa', 1), ('zidweliswe', 0.020279361171954294), ('zidwelisa', 0), ('ezidweliswe', 0.06414475679855301)]
[('hlayo', 0.05139344326792309), ('ihla', 1), ('kuhlayo', 0.001089142115176357), ('okuhlayo', 0), ('ngokuhlayo', 0.0769751792304368)]
[('" , "', 0.08194256953626018)]
[('hetha', 0), ('khetha', 0.09062534073279156)]
[('qhosha', 0.256559525662592), ('iqhosha', 0.09471173720793714)]
[('thi', 0.23801803234528057), ('lithi', 0.16286750396764), ('elithi', 0.09062534073279156)]
:
'
[('ve', 0), ('save', 0.07001378881132146)]
[('target', 0.09062534073279156)]
[('as', 0.043129439281186975)]
'
.

[('bhokisi', 0.2345620177778821), ('wibhokisi', 0), ('kwibhokisi', 0.0769751792304368)]
[('thi', 0.11669966606781491), ('ethi', 0.07001378881132146)]
'
[('ve', 0), ('save', 0.07001378881132146)]
[('as', 0.043129439281186975)]
'
[('" , "', 0.08194256953626018)]
[('hetha', 0), ('khetha', 0.09062534073279156)]
[('ndawo', 0.17534644306754402), ('indawo', 0.09062534073279156)]
[('funa', 1), ('ofuna', 0.08194256953626018)]
[('gcina', 0.1448463882213521), ('kugcina', 0.12243048978477945), ('ukugcina', 0.09353454299201434)]
[('yo', 0.11507791117574616), ('uyo', 1), ('kuyo', 0.07001378881132146)]
[('lo', 0.043129439281186975)]
[('qulu', 0.19496965572274114), ('mqulu', 0.08194256953626018)]
[('diski', 0.2345620177778821), ('widiski', 0), ('kwidiski', 0.09353454299201434)]
[('kho', 0.9351293889581601), ('akho', 0), ('yakho', 0.08194256953626018)]
[('gcina', 0.5849089671682232), ('kugcina', 2.6997133886924008e-06), ('okugcina', 0), ('yokugcina', 0.08728795738041158)]
[('nkcazelo', 0.14725073675518907), ('inkcazelo', 0.08728795738041158)]
[('ye', 0.14646376315590748), ('waye', 0), ('kwaye', 0.08194256953626018)]
[('cofe', 0.0881978584207799), ('cofa', 0.1965477366561654), ('ucofe', 0.08194256953626018)]
[('qhosha', 0.256559525662592), ('iqhosha', 0.09471173720793714)]
[('thi', 0.23801803234528057), ('lithi', 0.16286750396764), ('elithi', 0.09062534073279156)]
'
[('ve', 0), ('save', 0.07001378881132146)]
'
.

[('fayili', 0.256559525662592), ('ifayili', 0.09471173720793714)]
[('othula', 1), ('yakothulelwa', 0.0002505786145795002), ('yakothulela', 0.008511446139845042), ('yakothula', 0), ('iyakothulelwa', 0.03758584331728519)]
[('ndawo', 0.2345620177778821), ('windawo', 0), ('kwindawo', 0.09353454299201434)]
[('chaza', 1), ('yichazileyo', 0), ('oyichazileyo', 0.050510968169684055)]
.

[('vula', 0.07001378881132146)]
[('kroba', 0.26922390895873166), ('sikroba', 0.2420517996332963), ('isikroba', 0.09353454299201434)]
[('se - acrobat', 0.050510968169684055)]
[('reader', 0.09062534073279156)]
[('kho', 0.9351293889581601), ('akho', 0), ('yakho', 0.08194256953626018)]
[('" , "', 0.08194256953626018)]
[('ze', 0.04401004928252048), ('za', 0.07525673012015548), ('uze', 0.05652904624281669)]
[('ke', 0.043129439281186975)]
[('vule', 0.0881978584207799), ('vula', 0.1965477366561654), ('uvule', 0.08194256953626018)]
[('qulu', 0.29920671030107454), ('miqulu', 0.256559525662592), ('imiqulu', 0.09471173720793714)]
[('thoba', 1), ('yithobileyo', 0), ('oyithobileyo', 0.050510968169684055)]
.

[('xa', 0.043129439281186975)]
[('sebenzisa', 0.09460021668248096), ('sebenza', 0), ('usebenzisa', 0.0769751792304368)]
[(' - netscape', 0.002382752254319605), (' - netscapa', 2.1928890886540717e-05), ('i - netscape', 0.050510968169684055)]
[('khangeli', 1), ('ngesikhangeli', 0), ('njengesikhangeli', 0.011026167183421628)]
[('kho', 1), ('sakho', 0.08194256953626018)]
:

[('sebenzisa', 0.19496965572274114), ('kusebenzisa', 2.5262900015313445e-19), ('okusebenzisa', 0), ('ngokusebenzisa', 0.02642877180140554)]
[(' - mouse', 0.14725073675518907), (' - mousa', 0.1776916432922826), ('i - mouse', 0.08728795738041158)]
[('kho', 0.9351293889581601), ('akho', 0), ('yakho', 0.08194256953626018)]
[('" , "', 0.08194256953626018)]
[('thi', 0.08787825789354449), ('ithi', 0), ('yithi', 0.08194256953626018)]
[('cebu', 0.07001378881132146)]
[('ye', 0.14646376315590748), ('waye', 0), ('kwaye', 0.08194256953626018)]
[('cofe', 0.0881978584207799), ('cofa', 0.1965477366561654), ('ucofe', 0.08194256953626018)]
(
[('cala', 0.0836356630853958), ('wicala', 0), ('kwicala', 0.09471173720793714)]
[('cofa', 0.14624636927215778), ('kucofa', 0.1187217523636735), ('lokucofa', 0.09353454299201434)]
[('khohlo', 1), ('ngasekhohlo', 4.3536336003541394e-06), ('lingasekhohlo', 0.0007863161647759091), ('elingasekhohlo', 0.02642877180140554)]
[(' - mouse', 0), ('le - mouse', 0.0769751792304368)]
)
[('nxulumana', 1), ('sinxulumanisi', 1.6010273005046318e-08), ('nxulumanisi', 0), ('kwisinxulumanisi', 0.011026167183421628)]
[('qulu', 1), ('mqulu', 0), ('somqulu', 0.09471173720793714)]
[('funa', 1), ('ofuna', 0.08194256953626018)]
[('gcina', 1), ('wugcina', 0.17918875487148256), ('kuwugcina', 0.09460021668248096), ('ukuwugcina', 0.0769751792304368)]
.

[('bhokisi', 0.2345620177778821), ('wibhokisi', 0), ('kwibhokisi', 0.0769751792304368)]
[('thi', 0.11669966606781491), ('ethi', 0.07001378881132146)]
'
[('ve', 0), ('save', 0.07001378881132146)]
[('as', 0.043129439281186975)]
'
[('" , "', 0.08194256953626018)]
[('hetha', 0), ('khetha', 0.09062534073279156)]
[('ndawo', 0.17534644306754402), ('indawo', 0.09062534073279156)]
[('funa', 1), ('ofuna', 0.08194256953626018)]
[('gcina', 0.1448463882213521), ('kugcina', 0.12243048978477945), ('ukugcina', 0.09353454299201434)]
[('yo', 0.11507791117574616), ('uyo', 1), ('kuyo', 0.07001378881132146)]
[('lo', 0.043129439281186975)]
[('qulu', 0.19496965572274114), ('mqulu', 0.08194256953626018)]
[('diski', 0.2345620177778821), ('widiski', 0), ('kwidiski', 0.09353454299201434)]
[('kho', 0.9351293889581601), ('akho', 0), ('yakho', 0.08194256953626018)]
[('gcina', 0.5849089671682232), ('kugcina', 2.6997133886924008e-06), ('okugcina', 0), ('yokugcina', 0.08728795738041158)]
[('nkcazelo', 0.14725073675518907), ('inkcazelo', 0.08728795738041158)]
[('ye', 0.14646376315590748), ('waye', 0), ('kwaye', 0.08194256953626018)]
[('cofe', 0.0881978584207799), ('cofa', 0.1965477366561654), ('ucofe', 0.08194256953626018)]
[('qhosha', 0.256559525662592), ('iqhosha', 0.09471173720793714)]
[('thi', 0.23801803234528057), ('lithi', 0.16286750396764), ('elithi', 0.09062534073279156)]
'
[('ve', 0), ('save', 0.07001378881132146)]
'
.

[('fayili', 0.256559525662592), ('ifayili', 0.09471173720793714)]
[('othula', 1), ('yakothulelwa', 0.0002505786145795002), ('yakothulela', 0.008511446139845042), ('yakothula', 0), ('iyakothulelwa', 0.03758584331728519)]
[('ndawo', 0.2345620177778821), ('windawo', 0), ('kwindawo', 0.09353454299201434)]
[('chaza', 1), ('yichazileyo', 0), ('oyichazileyo', 0.050510968169684055)]
.

[('vula', 0.07001378881132146)]
[('kroba', 0.26922390895873166), ('sikroba', 0.2420517996332963), ('isikroba', 0.09353454299201434)]
[('se -', 0.07001378881132146)]
[('crobata', 0), ('crobat', 1.2055872364755822e-09), ('acrobat', 0.09471173720793714)]
[('reader', 0.09062534073279156)]
[('kho', 0.9351293889581601), ('akho', 0), ('yakho', 0.08194256953626018)]
[('" , "', 0.08194256953626018)]
[('ze', 0.04401004928252048), ('za', 0.07525673012015548), ('uze', 0.05652904624281669)]
[('vule', 0.0881978584207799), ('vula', 0.1965477366561654), ('uvule', 0.08194256953626018)]
[('qulu', 0.29920671030107454), ('miqulu', 0.256559525662592), ('imiqulu', 0.09471173720793714)]
[('thoba', 1), ('yithobileyo', 0), ('oyithobileyo', 0.050510968169684055)]
.

[('ngaba', 0.17534644306754402), ('ingaba', 0.09062534073279156)]
[('dinga', 0.10822449957338165), ('udinga', 0.09062534073279156)]
[('ncedo', 0.10822449957338165), ('uncedo', 0.09062534073279156)]
[('ngxaki', 1), ('engxaki', 0), ('ngeengxaki', 0.0769751792304368)]
[('hlangene', 0), ('hlangana', 1), ('ohlangene', 0.08728795738041158)]
[('zo', 0.6272601284059217), ('nazo', 0.07001378881132146)]
[(' - website', 0.0013518445876584595), ('wi - website', 0), ('kwi - website', 0.03758584331728519)]
?

[('nceda', 0.08194256953626018)]
[('nxulumane', 0.09460021668248096), ('nxulumana', 0.016133620692951767), ('unxulumane', 0.0769751792304368)]
[('thi', 0.33574815238355865), ('nathi', 0.08194256953626018)]
(
[('lectronic @ gcis . gov . za', 4.957815229303043e-19), ('electronic @ gcis . gov . za', 5.003714353632899e-07)]
)
[('ba', 0.021344202823119978), ('kuba', 0.0881978584207799), ('ukuba', 0.08194256953626018)]
[('ba', 0.704130653528599), ('aba', 1), ('ngaba', 0.08194256953626018)]
[('dibana', 0.12072654406918464), ('udibana', 0.09471173720793714)]
[('ngxaki', 0.19496965572274114), ('engxaki', 0.12191316669090797), ('neengxaki', 0.08728795738041158)]
[(' - website', 0), ('nge - website', 0.03758584331728519)]
.

[('ukuba ngaba', 1), ('bangaba', 0.17918875487148256), ('kubangaba', 0.09460021668248096), ('ukubangaba', 0.0769751792304368)]
[('qumrhu', 0.256559525662592), ('iqumrhu', 0.09471173720793714)]
[('" , "', 0.08194256953626018)]
[('nkampani', 0.14725073675518907), ('inkampani', 0.08728795738041158)]
[('kanye', 0), ('okanye', 0.09062534073279156)]
[('qumrhu', 0.256559525662592), ('iqumrhu', 0.09471173720793714)]
[('vuleleka', 1), ('ngavulelekanga', 1.337018437085068e-10), ('lingavulelekanga', 6.802967790927934e-06), ('elingavulelekanga', 0.006542134720391296)]
[('oko', 1), ('linakoa', 0), ('linako', 1.2055872364755822e-09), ('alinako', 0.09471173720793714)]
[('kanye', 0), ('okanye', 0.09062534073279156)]
[('ya', 1), ('liyia', 0), ('liyi', 0.010712981425435664), ('aliyi', 0.08194256953626018)]
[('hlawula', 1), ('wahlawula', 0.02576431650757931), ('uwahlawula', 0), ('kuwahlawula', 0.06414475679855301)]
[('tyala', 0.26162701253595944), ('matyalaa', 0), ('matyala', 4.492805499029319e-15), ('amatyala', 0.09353454299201434)]
[('loa', 0), ('lo', 0.5849089671682234), ('alo', 0.05652904624281669)]
[('kanye', 0), ('okanye', 0.09062534073279156)]
[('fezekise', 0.09145555248349266), ('fezekisa', 0.05946514461181472), ('feza', 1), ('lifezekise', 0.0769751792304368)]
[('xanduva', 0.12243048978477945), ('uxanduva', 0.09353454299201434)]
[('lo', 1), ('lwalo', 0.08194256953626018)]
(
[('nxa', 0), ('ngenxa', 0.09062534073279156)]
[('ba', 3.992356621151949e-08), ('kuba', 0.43939128946772243), ('okuba', 0), ('yokuba', 0.09062534073279156)]
[('azi', 1), ('kwaza', 0), ('likwazi', 4.492805499029319e-15), ('alikwazi', 0.09353454299201434)]
[('hlawula', 0.17918875487148256), ('kuhlawula', 0.09460021668248096), ('ukuhlawula', 0.0769751792304368)]
[('tyala', 0.26162701253595944), ('matyalaa', 0), ('matyala', 4.492805499029319e-15), ('amatyala', 0.09353454299201434)]
[('loa', 0), ('lo', 0.5849089671682234), ('alo', 0.05652904624281669)]
[('" , "', 0.08194256953626018)]
[('nxa', 0), ('ngenxa', 0.09062534073279156)]
[('lawulwa', 0.010712981425435683), ('lawula', 1), ('kulawulwa', 4.111658022631491e-14), ('okulawulwa', 0), ('yokulawulwa', 0.06414475679855301)]
[('bi', 1), ('kubi', 0.091461434360598), ('akubi', 0), ('kakubi', 0.09062534073279156)]
[('kanye', 0), ('okanye', 0.09062534073279156)]
[('nxa', 0), ('ngenxa', 0.09062534073279156)]
[('so', 0.10361528977400372), ('aso', 0), ('yaso', 0.07001378881132146)]
[('phi', 1), ('siphina', 1.4263770918849775e-18), ('nasiphina', 0.08728795738041158)]
[('nye', 0.0964893944102956), ('sinye', 0.16286750396764), ('esinye', 0.09062534073279156)]
[('zathu', 0.26922390895873166), ('sizathu', 0.2420517996332963), ('isizathu', 0.09353454299201434)]
)
[('" , "', 0.08194256953626018)]
[('qondisi - jikelele', 0.006910869479434676), ('mqondisi - jikelele', 8.560182185059666e-05), ('mqondisi - jikelela', 8.242810446529541e-14), ('umqondisi - jikelele', 0.0009729458484278205)]
[('izorhwebo', 0), ('rhwebo', 1), ('wezorhwebo', 0.0769751792304368)]
[('shishini', 0.14622724179205585), ('mashishini', 1.0593870828559316e-48), ('namashishini', 0.050510968169684055)]
[('lawula', 1), ('lilawula', 0), ('ngalilawula', 8.108846240242581e-50), ('angalilawula', 0.050510968169684055)]
[('thetho', 1), ('kwasemthethweni', 7.42093168849234e-49), ('okwasemthethweni', 0), ('ngokwasemthethweni', 0.0036679927553233136)]
[('kanye', 0), ('okanye', 0.09062534073279156)]
[('phelisa', 1), ('liphelisea', 0), ('liphelise', 7.70025722606467e-30), ('aliphelise', 0.0769751792304368)]
[('qumrhu', 0.256559525662592), ('iqumrhu', 0.09471173720793714)]
[('shishino', 0.12751208076582565), ('loshishino', 0.0769751792304368)]
.

[('qumrhu', 0.256559525662592), ('iqumrhu', 0.09471173720793714)]
[('kanye', 0), ('okanye', 0.09062534073279156)]
[('qumrhu', 0.256559525662592), ('iqumrhu', 0.09471173720793714)]
[('bambisa', 0.16694185889862947), ('bamba', 0), ('kubambisa', 0.11252901631795792), ('lokubambisa', 0.06414475679855301)]
[('" , "', 0.08194256953626018)]
[('liphina', 1.4263770918849775e-18), ('naliphina', 0.08728795738041158), ('naliphina', 1)]
[('ngu', 0), ('lungu', 0.17534644306754402), ('ilungu', 0.09062534073279156)]
[('qumrhu', 1), ('lequmrhu', 0.09353454299201434)]
[('kanye', 0), ('okanye', 0.09062534073279156)]
[('phi', 1), ('wuphina', 1.4263770918849775e-18), ('nawuphina', 0.08728795738041158)]
[('nye', 1), ('omnye', 0.08194256953626018)]
[('ntu', 0.05902465701424562), ('mntu', 0.0881978584207799), ('umntu', 0.08194256953626018)]
[('nqwena', 1), ('nomnqweno', 0), ('onomnqweno', 0.0769751792304368)]
[('" , "', 0.08194256953626018)]
[('enza', 1), ('ngenzaa', 0), ('ngenza', 1.2055872364755822e-09), ('angenza', 0.09471173720793714)]
[('celo', 0.18270438284917498), ('sicelo', 0.256559525662592), ('isicelo', 0.09471173720793714)]
[('nkundla', 0.07231423685608734), ('inkundla', 0.0836356630853958), ('wiinkundla', 0), ('kwiinkundla', 0.06414475679855301)]
[('ba', 0), ('kuba', 1), ('sokuba', 0.09062534073279156)]
[('qumrhu', 0.256559525662592), ('iqumrhu', 0.09471173720793714)]
[('kanye', 0), ('okanye', 0.09062534073279156)]
[('qumrhu', 0.256559525662592), ('iqumrhu', 0.09471173720793714)]
[('bambisa', 0.16694185889862947), ('bamba', 0), ('kubambisa', 0.11252901631795792), ('lokubambisa', 0.06414475679855301)]
[('fakwe', 0.08414317024927635), ('fakwa', 0.05946514461181472), ('faka', 0.14646376315590748), ('lifakwe', 0.09471173720793714)]
[('phantsi', 0.09471173720793714)]
[('lawulo', 0.1880730297682562), ('olawulo', 0), ('kolawulo', 0.09353454299201434)]
[('thetho', 1), ('semthethweni', 0), ('lwasemthethweni', 0.017560777451749277)]
[('qondisi - jikele', 1), ('mqondisi - jikele', 0.0008746497609734066), ('lomqondisi - jikele', 0.001943352266771378)]
[('kanye', 0), ('okanye', 0.09062534073279156)]
[('pheliswe', 0.09145555248349266), ('pheliswa', 0.05946514461181472), ('phelisa', 0.14646376315590748), ('lipheliswe', 0.0769751792304368)]
.

[('nkundla', 0.2420517996332963), ('inkundla', 0.09353454299201434)]
